timestamp,bitcoin_usd,ethereum_usd,dogecoin_usd,solana_usd
2025-06-04T03:03:21.514293,106043,2618.17,0.196011,160.44
2025-06-04T03:03:21.514293,106043,2618.17,0.196011,160.44
2025-06-04T03:03:21.514293,106043,2618.17,0.196011,160.44
2025-06-04T03:03:32.157082,106043,2618.17,0.196011,160.44
2025-06-04T03:03:32.157082,106043,2618.17,0.196011,160.44
2025-06-04T03:03:32.157082,106043,2618.17,0.196011,160.44
2025-06-04T03:03:42.836836,106043,2618.17,0.196011,160.44
2025-06-04T03:03:42.836836,106043,2618.17,0.196011,160.44
2025-06-04T03:03:53.644377,106043,2618.17,0.196011,160.44
2025-06-04T03:03:53.644377,106043,2618.17,0.196011,160.44
2025-06-04T03:04:04.416947,106043,2618.17,0.196011,160.44
2025-06-04T03:04:04.416947,106043,2618.17,0.196011,160.44
2025-06-04T03:06:35.580093,106060,2620.01,0.196071,160.46
2025-06-04T03:06:35.580093,106060,2620.01,0.196071,160.46
2025-06-04T03:06:46.244537,106060,2620.01,0.196071,160.46
2025-06-04T03:06:46.244537,106060,2620.01,0.196071,160.46
2025-06-04T03:08:01.578689,106066,2620.47,0.196102,160.49
2025-06-04T03:08:12.257313,106066,2620.47,0.196102,160.49
2025-06-04T03:08:22.917203,106066,2620.47,0.196102,160.49
2025-06-04T03:08:22.917203,106066,2620.47,0.196102,160.49
2025-06-04T03:08:33.575819,106066,2620.47,0.196102,160.49
2025-06-04T03:08:44.450266,106066,2620.47,0.196102,160.49
2025-06-04T03:10:00.104080,106071,2620.61,0.19611,160.52
2025-06-04T03:10:00.104080,106071,2620.61,0.19611,160.52
2025-06-04T03:10:10.910064,106071,2620.61,0.19611,160.52
2025-06-04T03:10:10.910064,106071,2620.61,0.19611,160.52
2025-06-04T03:10:21.580914,106071,2620.61,0.19611,160.52
2025-06-04T03:10:32.242971,106071,2620.61,0.19611,160.52
2025-06-04T03:10:32.242971,106071,2620.61,0.19611,160.52
2025-06-04T03:10:42.892588,106071,2620.61,0.19611,160.52
2025-06-04T03:11:58.087734,106070,2620.84,0.196176,160.53
2025-06-04T03:11:58.087734,106070,2620.84,0.196176,160.53
2025-06-04T03:12:08.773210,106070,2620.84,0.196176,160.53
2025-06-04T03:12:19.440930,106070,2620.84,0.196176,160.53
2025-06-04T03:12:30.141561,106070,2620.84,0.196176,160.53
2025-06-04T03:12:40.789068,106070,2620.84,0.196176,160.53
2025-06-04T03:12:40.789068,106070,2620.84,0.196176,160.53
2025-06-04T03:12:51.452109,106070,2620.84,0.196176,160.53
2025-06-04T03:12:51.452109,106070,2620.84,0.196176,160.53
2025-06-04T03:13:02.701341,106078,2620.91,0.196177,160.53
2025-06-04T03:13:02.701341,106078,2620.91,0.196177,160.53
2025-06-04T03:13:13.585384,106078,2620.91,0.196177,160.53
2025-06-04T03:13:24.324036,106078,2620.91,0.196177,160.53
2025-06-04T03:13:24.324036,106078,2620.91,0.196177,160.53
2025-06-04T03:13:37.768080,106078,2620.91,0.196177,160.53
2025-06-04T03:13:50.853301,106078,2620.91,0.196177,160.53
2025-06-04T03:13:50.853301,106078,2620.91,0.196177,160.53
2025-06-04T03:14:09.563897,106093,2621.06,0.196189,160.54
2025-06-04T03:14:09.563897,106093,2621.06,0.196189,160.54
2025-06-04T03:14:20.228673,106093,2621.06,0.196189,160.54
2025-06-04T03:14:30.886775,106093,2621.06,0.196189,160.54
2025-06-04T03:14:41.580275,106093,2621.06,0.196189,160.54
2025-06-04T03:14:52.233197,106093,2621.06,0.196189,160.54
2025-06-04T03:14:52.233197,106093,2621.06,0.196189,160.54
2025-06-04T03:15:02.922846,106093,2621.06,0.196189,160.54
2025-06-04T03:15:14.232322,106094,2621.1,0.196195,160.55
2025-06-04T03:15:24.849948,106094,2621.1,0.196195,160.55
2025-06-04T03:15:35.489460,106094,2621.1,0.196195,160.55
2025-06-04T03:15:35.489460,106094,2621.1,0.196195,160.55
2025-06-04T03:16:53.543955,106095,2620.96,0.196225,160.66
2025-06-04T03:16:53.543955,106095,2620.96,0.196225,160.66
2025-06-04T03:17:04.194752,106095,2620.96,0.196225,160.66
2025-06-04T03:17:04.194752,106095,2620.96,0.196225,160.66
2025-06-04T03:17:14.873315,106095,2620.96,0.196225,160.66
2025-06-04T03:17:14.873315,106095,2620.96,0.196225,160.66
2025-06-04T03:17:25.528966,106095,2620.96,0.196225,160.66
2025-06-04T03:17:36.173557,106095,2620.96,0.196225,160.66
2025-06-04T03:17:46.820400,106095,2620.96,0.196225,160.66
2025-06-04T03:19:01.955227,106118,2621.14,0.196336,160.67
2025-06-04T03:19:01.955227,106118,2621.14,0.196336,160.67
2025-06-04T03:19:12.629915,106118,2621.14,0.196336,160.67
2025-06-04T03:19:23.282397,106118,2621.14,0.196336,160.67
2025-06-04T03:19:33.945561,106118,2621.14,0.196336,160.67
2025-06-04T03:19:44.599236,106118,2621.14,0.196336,160.67
2025-06-04T03:21:00.307825,106133,2621.88,0.196412,160.73
2025-06-04T03:21:00.307825,106133,2621.88,0.196412,160.73
2025-06-04T03:21:10.975042,106133,2621.88,0.196412,160.73
2025-06-04T03:21:10.975042,106133,2621.88,0.196412,160.73
2025-06-04T03:21:21.639470,106133,2621.88,0.196412,160.73
2025-06-04T03:21:32.343424,106133,2621.88,0.196412,160.73
2025-06-04T03:21:43.008845,106133,2621.88,0.196412,160.73
2025-06-04T03:21:43.008845,106133,2621.88,0.196412,160.73
2025-06-04T09:36:22.428653,105654,2613.94,0.194731,156.01
2025-06-04T09:36:22.428653,105654,2613.94,0.194731,156.01
2025-06-04T09:36:33.744904,105654,2613.94,0.194731,156.01
2025-06-04T09:36:33.744904,105654,2613.94,0.194731,156.01
2025-06-04T09:36:44.933600,105654,2613.94,0.194731,156.01
2025-06-04T09:36:44.933600,105654,2613.94,0.194731,156.01
2025-06-04T09:36:56.101630,105654,2613.94,0.194731,156.01
2025-06-04T09:36:56.101630,105654,2613.94,0.194731,156.01
2025-06-04T09:36:56.101630,105654,2613.94,0.194731,156.01
2025-06-04T09:37:07.412555,105654,2613.94,0.194731,156.01
2025-06-04T09:37:07.412555,105654,2613.94,0.194731,156.01
2025-06-04T09:37:07.412555,105654,2613.94,0.194731,156.01
2025-06-04T09:37:18.576673,105654,2613.94,0.194731,156.01
2025-06-04T09:37:18.576673,105654,2613.94,0.194731,156.01
2025-06-04T09:37:18.576673,105654,2613.94,0.194731,156.01
2025-06-04T09:37:30.525084,105643,2613.08,0.194725,156.17
2025-06-04T09:37:30.525084,105643,2613.08,0.194725,156.17
2025-06-04T09:37:30.525084,105643,2613.08,0.194725,156.17
2025-06-04T09:37:42.105071,105643,2613.08,0.194725,156.17
2025-06-04T09:37:42.105071,105643,2613.08,0.194725,156.17
2025-06-04T09:37:42.105071,105643,2613.08,0.194725,156.17
2025-06-04T09:37:53.346931,105643,2613.08,0.194725,156.17
2025-06-04T09:37:53.346931,105643,2613.08,0.194725,156.17
2025-06-04T09:37:53.346931,105643,2613.08,0.194725,156.17
2025-06-04T09:38:04.494127,105643,2613.08,0.194725,156.17
2025-06-04T09:38:04.494127,105643,2613.08,0.194725,156.17
2025-06-04T09:38:04.494127,105643,2613.08,0.194725,156.17
2025-06-04T09:38:15.888732,105643,2613.08,0.194725,156.17
2025-06-04T09:38:15.888732,105643,2613.08,0.194725,156.17
2025-06-04T09:38:27.352262,105643,2613.08,0.194725,156.17
2025-06-04T09:38:27.352262,105643,2613.08,0.194725,156.17
2025-06-04T09:38:27.352262,105643,2613.08,0.194725,156.17
2025-06-04T09:38:38.876957,105643,2613.0,0.194716,156.17
2025-06-04T09:38:38.876957,105643,2613.0,0.194716,156.17
2025-06-04T09:38:38.876957,105643,2613.0,0.194716,156.17
2025-06-04T09:38:49.985187,105643,2613.0,0.194716,156.17
2025-06-04T09:38:49.985187,105643,2613.0,0.194716,156.17
2025-06-04T09:38:49.985187,105643,2613.0,0.194716,156.17
2025-06-04T09:39:01.197297,105643,2613.0,0.194716,156.17
2025-06-04T09:39:01.197297,105643,2613.0,0.194716,156.17
2025-06-04T09:39:12.389609,105643,2613.0,0.194716,156.17
2025-06-04T09:39:12.389609,105643,2613.0,0.194716,156.17
2025-06-04T09:40:32.849725,105639,2613.36,0.195077,156.63
2025-06-04T09:40:32.849725,105639,2613.36,0.195077,156.63
2025-06-04T09:40:44.141844,105639,2613.36,0.195077,156.63
2025-06-04T09:40:44.141844,105639,2613.36,0.195077,156.63
2025-06-04T09:40:44.141844,105639,2613.36,0.195077,156.63
2025-06-04T09:40:57.004392,105639,2613.36,0.195077,156.63
2025-06-04T09:40:57.004392,105639,2613.36,0.195077,156.63
2025-06-04T09:40:57.004392,105639,2613.36,0.195077,156.63
2025-06-04T09:41:08.250128,105639,2613.36,0.195077,156.63
2025-06-04T09:41:08.250128,105639,2613.36,0.195077,156.63
2025-06-04T09:41:19.584586,105639,2613.36,0.195077,156.63
2025-06-04T09:41:19.584586,105639,2613.36,0.195077,156.63
2025-06-04T09:41:19.584586,105639,2613.36,0.195077,156.63
2025-06-04T09:41:30.908722,105639,2613.36,0.195077,156.63
2025-06-04T09:41:30.908722,105639,2613.36,0.195077,156.63
2025-06-04T09:41:43.151264,105634,2613.17,0.195066,156.63
2025-06-04T09:41:43.151264,105634,2613.17,0.195066,156.63
2025-06-04T09:41:43.151264,105634,2613.17,0.195066,156.63
2025-06-04T09:41:54.202468,105634,2613.17,0.195066,156.63
2025-06-04T09:41:54.202468,105634,2613.17,0.195066,156.63
2025-06-04T09:41:54.202468,105634,2613.17,0.195066,156.63
2025-06-04T09:42:05.523338,105634,2613.17,0.195066,156.63
2025-06-04T09:42:05.523338,105634,2613.17,0.195066,156.63
2025-06-04T09:42:17.495013,105634,2613.17,0.195066,156.63
2025-06-04T09:42:17.495013,105634,2613.17,0.195066,156.63
2025-06-04T09:42:17.495013,105634,2613.17,0.195066,156.63
2025-06-04T09:42:29.364641,105634,2613.17,0.195066,156.63
2025-06-04T09:42:29.364641,105634,2613.17,0.195066,156.63
2025-06-04T09:42:29.364641,105634,2613.17,0.195066,156.63
2025-06-04T09:42:41.258268,105634,2613.17,0.195066,156.63
2025-06-04T09:42:41.258268,105634,2613.17,0.195066,156.63
2025-06-04T09:42:41.258268,105634,2613.17,0.195066,156.63
2025-06-04T09:42:53.551706,105630,2613.03,0.195052,156.63
2025-06-04T09:42:53.551706,105630,2613.03,0.195052,156.63
2025-06-04T09:42:53.551706,105630,2613.03,0.195052,156.63
2025-06-04T09:43:04.880736,105630,2613.03,0.195052,156.63
2025-06-04T09:43:04.880736,105630,2613.03,0.195052,156.63
2025-06-04T09:43:04.880736,105630,2613.03,0.195052,156.63
2025-06-04T09:43:16.241667,105630,2613.03,0.195052,156.63
2025-06-04T09:43:16.241667,105630,2613.03,0.195052,156.63
2025-06-04T09:43:16.241667,105630,2613.03,0.195052,156.63
2025-06-04T09:43:27.541328,105630,2613.03,0.195052,156.63
2025-06-04T09:43:27.541328,105630,2613.03,0.195052,156.63
2025-06-04T09:43:38.678388,105630,2613.03,0.195052,156.63
2025-06-04T09:43:38.678388,105630,2613.03,0.195052,156.63
2025-06-04T09:43:50.512636,105630,2613.03,0.195052,156.63
2025-06-04T09:43:50.512636,105630,2613.03,0.195052,156.63
2025-06-04T09:44:03.652655,105632,2612.83,0.195052,156.62
2025-06-04T09:44:03.652655,105632,2612.83,0.195052,156.62
2025-06-04T09:44:03.652655,105632,2612.83,0.195052,156.62
2025-06-04T09:44:16.097598,105632,2612.83,0.195052,156.62
2025-06-04T09:44:16.097598,105632,2612.83,0.195052,156.62
2025-06-04T09:44:16.097598,105632,2612.83,0.195052,156.62
2025-06-04T09:44:27.203727,105632,2612.83,0.195052,156.62
2025-06-04T09:44:27.203727,105632,2612.83,0.195052,156.62
2025-06-04T09:44:27.203727,105632,2612.83,0.195052,156.62
2025-06-04T09:44:38.252602,105632,2612.83,0.195052,156.62
2025-06-04T09:44:38.252602,105632,2612.83,0.195052,156.62
2025-06-04T09:44:49.502461,105632,2612.83,0.195052,156.62
2025-06-04T09:44:49.502461,105632,2612.83,0.195052,156.62
2025-06-04T09:44:49.502461,105632,2612.83,0.195052,156.62
2025-06-04T09:45:00.979076,105632,2612.83,0.195052,156.62
2025-06-04T09:45:00.979076,105632,2612.83,0.195052,156.62
2025-06-04T09:45:00.979076,105632,2612.83,0.195052,156.62
2025-06-04T09:45:15.813584,105635,2612.79,0.195066,156.65
2025-06-04T09:45:15.813584,105635,2612.79,0.195066,156.65
2025-06-04T09:45:15.813584,105635,2612.79,0.195066,156.65
2025-06-04T09:45:29.238071,105635,2612.79,0.195066,156.65
2025-06-04T09:45:29.238071,105635,2612.79,0.195066,156.65
2025-06-04T09:45:29.238071,105635,2612.79,0.195066,156.65
2025-06-04T09:45:41.625101,105635,2612.79,0.195066,156.65
2025-06-04T09:45:41.625101,105635,2612.79,0.195066,156.65
2025-06-04T09:45:41.625101,105635,2612.79,0.195066,156.65
2025-06-04T09:45:53.718485,105635,2612.79,0.195066,156.65
2025-06-04T09:45:53.718485,105635,2612.79,0.195066,156.65
2025-06-04T09:46:15.546988,105637,2613.02,0.195091,156.67
2025-06-04T09:46:15.546988,105637,2613.02,0.195091,156.67
2025-06-04T09:46:30.555205,105637,2613.02,0.195091,156.67
2025-06-04T09:46:30.555205,105637,2613.02,0.195091,156.67
2025-06-04T09:46:43.095064,105637,2613.02,0.195091,156.67
2025-06-04T09:46:43.095064,105637,2613.02,0.195091,156.67
2025-06-04T09:46:55.488837,105637,2613.02,0.195091,156.67
2025-06-04T09:46:55.488837,105637,2613.02,0.195091,156.67
2025-06-04T09:47:07.291022,105637,2613.02,0.195091,156.67
2025-06-04T09:47:07.291022,105637,2613.02,0.195091,156.67
2025-06-04T09:47:07.291022,105637,2613.02,0.195091,156.67
2025-06-04T09:47:22.512052,105640,2612.9,0.195102,156.7
2025-06-04T09:47:22.512052,105640,2612.9,0.195102,156.7
2025-06-04T09:47:44.616570,105640,2612.9,0.195102,156.7
2025-06-04T09:47:44.616570,105640,2612.9,0.195102,156.7
2025-06-04T09:47:44.616570,105640,2612.9,0.195102,156.7
2025-06-04T09:48:41.190601,105629,2612.97,0.195061,156.71
2025-06-04T09:48:41.190601,105629,2612.97,0.195061,156.71
2025-06-04T09:48:41.190601,105629,2612.97,0.195061,156.71
2025-06-04T09:48:53.100105,105629,2612.97,0.195061,156.71
2025-06-04T09:48:53.100105,105629,2612.97,0.195061,156.71
2025-06-04T09:48:53.100105,105629,2612.97,0.195061,156.71
2025-06-04T09:49:04.982869,105629,2612.97,0.195061,156.71
2025-06-04T09:49:04.982869,105629,2612.97,0.195061,156.71
2025-06-04T09:49:04.982869,105629,2612.97,0.195061,156.71
2025-06-04T09:49:17.946990,105629,2612.97,0.195061,156.71
2025-06-04T09:49:17.946990,105629,2612.97,0.195061,156.71
2025-06-04T09:49:17.946990,105629,2612.97,0.195061,156.71
2025-06-04T09:49:30.535290,105629,2612.97,0.195061,156.71
2025-06-04T09:49:30.535290,105629,2612.97,0.195061,156.71
2025-06-04T09:49:30.535290,105629,2612.97,0.195061,156.71
2025-06-04T09:49:41.724746,105629,2612.97,0.195061,156.71
2025-06-04T09:49:41.724746,105629,2612.97,0.195061,156.71
2025-06-04T09:49:41.724746,105629,2612.97,0.195061,156.71
2025-06-04T09:49:53.919005,105613,2612.85,0.195048,156.69
2025-06-04T09:49:53.919005,105613,2612.85,0.195048,156.69
2025-06-04T09:49:53.919005,105613,2612.85,0.195048,156.69
2025-06-04T09:50:08.509122,105613,2612.85,0.195048,156.69
2025-06-04T09:50:08.509122,105613,2612.85,0.195048,156.69
2025-06-04T09:50:08.509122,105613,2612.85,0.195048,156.69
2025-06-04T09:50:22.757163,105613,2612.85,0.195048,156.69
2025-06-04T09:50:22.757163,105613,2612.85,0.195048,156.69
2025-06-04T09:50:22.757163,105613,2612.85,0.195048,156.69
2025-06-04T09:50:34.485676,105613,2612.85,0.195048,156.69
2025-06-04T09:50:34.485676,105613,2612.85,0.195048,156.69
2025-06-04T09:50:34.485676,105613,2612.85,0.195048,156.69
2025-06-04T09:50:50.039076,105613,2612.85,0.195048,156.69
2025-06-04T09:50:50.039076,105613,2612.85,0.195048,156.69
2025-06-04T09:50:50.039076,105613,2612.85,0.195048,156.69
2025-06-04T09:51:06.423070,105613,2612.99,0.195068,156.72
2025-06-04T09:51:06.423070,105613,2612.99,0.195068,156.72
2025-06-04T09:51:06.423070,105613,2612.99,0.195068,156.72
2025-06-04T09:51:30.257020,105613,2612.99,0.195068,156.72
2025-06-04T09:51:30.257020,105613,2612.99,0.195068,156.72
2025-06-04T09:51:30.257020,105613,2612.99,0.195068,156.72
2025-06-04T09:51:45.536135,105613,2612.99,0.195068,156.72
2025-06-04T09:51:45.536135,105613,2612.99,0.195068,156.72
2025-06-04T09:51:45.536135,105613,2612.99,0.195068,156.72
2025-06-04T09:51:56.627134,105613,2612.99,0.195068,156.72
2025-06-04T09:51:56.627134,105613,2612.99,0.195068,156.72
2025-06-04T09:52:08.970609,105618,2613.1,0.195069,156.74
2025-06-04T09:52:08.970609,105618,2613.1,0.195069,156.74
2025-06-04T09:52:08.970609,105618,2613.1,0.195069,156.74
2025-06-04T09:52:21.861390,105618,2613.1,0.195069,156.74
2025-06-04T09:52:21.861390,105618,2613.1,0.195069,156.74
2025-06-04T09:52:21.861390,105618,2613.1,0.195069,156.74
2025-06-04T09:52:35.920750,105618,2613.1,0.195069,156.74
2025-06-04T09:52:35.920750,105618,2613.1,0.195069,156.74
2025-06-04T09:52:35.920750,105618,2613.1,0.195069,156.74
2025-06-04T09:53:03.962334,105618,2613.1,0.195069,156.74
2025-06-04T09:53:03.962334,105618,2613.1,0.195069,156.74
2025-06-04T09:53:17.382132,105611,2613.15,0.195087,156.76
2025-06-04T09:53:17.382132,105611,2613.15,0.195087,156.76
2025-06-04T09:53:17.382132,105611,2613.15,0.195087,156.76
2025-06-04T09:53:30.894414,105611,2613.15,0.195087,156.76
2025-06-04T09:53:30.894414,105611,2613.15,0.195087,156.76
2025-06-04T09:53:30.894414,105611,2613.15,0.195087,156.76
2025-06-04T09:53:48.854418,105611,2613.15,0.195087,156.76
2025-06-04T09:53:48.854418,105611,2613.15,0.195087,156.76
2025-06-04T09:54:01.819391,105611,2613.15,0.195087,156.76
2025-06-04T09:54:01.819391,105611,2613.15,0.195087,156.76
2025-06-04T09:54:01.819391,105611,2613.15,0.195087,156.76
2025-06-04T09:54:14.579216,105611,2613.15,0.195087,156.76
2025-06-04T09:54:14.579216,105611,2613.15,0.195087,156.76
2025-06-04T09:54:14.579216,105611,2613.15,0.195087,156.76
2025-06-04T09:54:28.876233,105612,2613.39,0.195101,156.77
2025-06-04T09:54:28.876233,105612,2613.39,0.195101,156.77
2025-06-04T09:54:28.876233,105612,2613.39,0.195101,156.77
2025-06-04T09:54:41.592768,105612,2613.39,0.195101,156.77
2025-06-04T09:54:41.592768,105612,2613.39,0.195101,156.77
2025-06-04T09:54:41.592768,105612,2613.39,0.195101,156.77
2025-06-04T09:54:53.905220,105612,2613.39,0.195101,156.77
2025-06-04T09:54:53.905220,105612,2613.39,0.195101,156.77
2025-06-04T09:55:05.449249,105612,2613.39,0.195101,156.77
2025-06-04T09:55:05.449249,105612,2613.39,0.195101,156.77
2025-06-04T09:55:05.449249,105612,2613.39,0.195101,156.77
2025-06-04T09:55:17.895973,105612,2613.39,0.195101,156.77
2025-06-04T09:55:17.895973,105612,2613.39,0.195101,156.77
2025-06-04T09:55:17.895973,105612,2613.39,0.195101,156.77
2025-06-04T09:55:37.659378,105616,2613.45,0.19512,156.78
2025-06-04T09:55:37.659378,105616,2613.45,0.19512,156.78
2025-06-04T09:55:37.659378,105616,2613.45,0.19512,156.78
2025-06-04T09:55:58.166018,105616,2613.45,0.19512,156.78
2025-06-04T09:55:58.166018,105616,2613.45,0.19512,156.78
2025-06-04T09:55:58.166018,105616,2613.45,0.19512,156.78
2025-06-04T09:56:17.405929,105616,2613.45,0.19512,156.78
2025-06-04T09:56:17.405929,105616,2613.45,0.19512,156.78
2025-06-04T09:56:17.405929,105616,2613.45,0.19512,156.78
2025-06-04T09:56:28.773326,105616,2613.45,0.19512,156.78
2025-06-04T09:56:28.773326,105616,2613.45,0.19512,156.78
2025-06-04T09:56:28.773326,105616,2613.45,0.19512,156.78
2025-06-04T09:56:42.958012,105609,2613.33,0.195102,156.8
2025-06-04T09:56:42.958012,105609,2613.33,0.195102,156.8
2025-06-04T09:56:42.958012,105609,2613.33,0.195102,156.8
2025-06-04T09:56:55.838918,105609,2613.33,0.195102,156.8
2025-06-04T09:56:55.838918,105609,2613.33,0.195102,156.8
2025-06-04T09:56:55.838918,105609,2613.33,0.195102,156.8
2025-06-04T09:57:10.215093,105609,2613.33,0.195102,156.8
2025-06-04T09:57:10.215093,105609,2613.33,0.195102,156.8
2025-06-04T09:57:10.215093,105609,2613.33,0.195102,156.8
2025-06-04T09:57:25.380501,105609,2613.33,0.195102,156.8
2025-06-04T09:57:25.380501,105609,2613.33,0.195102,156.8
2025-06-04T09:57:25.380501,105609,2613.33,0.195102,156.8
2025-06-04T09:57:36.466090,105609,2613.33,0.195102,156.8
2025-06-04T09:57:36.466090,105609,2613.33,0.195102,156.8
2025-06-04T09:57:36.466090,105609,2613.33,0.195102,156.8
2025-06-04T09:57:52.355788,105606,2613.28,0.195085,156.79
2025-06-04T09:57:52.355788,105606,2613.28,0.195085,156.79
2025-06-04T09:58:07.407483,105606,2613.28,0.195085,156.79
2025-06-04T09:58:07.407483,105606,2613.28,0.195085,156.79
2025-06-04T09:58:07.407483,105606,2613.28,0.195085,156.79
2025-06-04T09:58:31.556381,105606,2613.28,0.195085,156.79
2025-06-04T09:58:31.556381,105606,2613.28,0.195085,156.79
2025-06-04T09:58:31.556381,105606,2613.28,0.195085,156.79
2025-06-04T09:59:12.834869,105612,2613.49,0.195092,156.85
2025-06-04T09:59:12.834869,105612,2613.49,0.195092,156.85
2025-06-04T09:59:12.834869,105612,2613.49,0.195092,156.85
2025-06-04T09:59:24.383154,105612,2613.49,0.195092,156.85
2025-06-04T09:59:24.383154,105612,2613.49,0.195092,156.85
2025-06-04T09:59:37.957788,105612,2613.49,0.195092,156.85
2025-06-04T09:59:37.957788,105612,2613.49,0.195092,156.85
2025-06-04T09:59:37.957788,105612,2613.49,0.195092,156.85
2025-06-04T09:59:50.047168,105612,2613.49,0.195092,156.85
2025-06-04T09:59:50.047168,105612,2613.49,0.195092,156.85
2025-06-04T09:59:50.047168,105612,2613.49,0.195092,156.85
2025-06-04T10:00:01.649443,105612,2613.49,0.195092,156.85
2025-06-04T10:00:01.649443,105612,2613.49,0.195092,156.85
2025-06-04T10:00:01.649443,105612,2613.49,0.195092,156.85
2025-06-04T10:00:17.451834,105610,2613.62,0.19509,156.86
2025-06-04T10:00:17.451834,105610,2613.62,0.19509,156.86
2025-06-04T10:00:17.451834,105610,2613.62,0.19509,156.86
2025-06-04T10:00:45.180134,105610,2613.62,0.19509,156.86
2025-06-04T10:00:45.180134,105610,2613.62,0.19509,156.86
2025-06-04T10:00:59.723268,105610,2613.62,0.19509,156.86
2025-06-04T10:00:59.723268,105610,2613.62,0.19509,156.86
2025-06-04T10:00:59.723268,105610,2613.62,0.19509,156.86
2025-06-04T10:01:12.054992,105610,2613.62,0.19509,156.86
2025-06-04T10:01:12.054992,105610,2613.62,0.19509,156.86
2025-06-04T10:01:24.625048,105614,2613.71,0.195098,156.87
2025-06-04T10:01:24.625048,105614,2613.71,0.195098,156.87
2025-06-04T10:01:24.625048,105614,2613.71,0.195098,156.87
2025-06-04T10:01:36.346141,105614,2613.71,0.195098,156.87
2025-06-04T10:01:36.346141,105614,2613.71,0.195098,156.87
2025-06-04T10:01:36.346141,105614,2613.71,0.195098,156.87
2025-06-04T10:01:47.744112,105614,2613.71,0.195098,156.87
2025-06-04T10:01:47.744112,105614,2613.71,0.195098,156.87
2025-06-04T10:01:47.744112,105614,2613.71,0.195098,156.87
2025-06-04T10:02:37.501636,105621,2613.7,0.195112,156.85
2025-06-04T10:02:37.501636,105621,2613.7,0.195112,156.85
2025-06-04T10:02:52.321043,105621,2613.7,0.195112,156.85
2025-06-04T10:02:52.321043,105621,2613.7,0.195112,156.85
2025-06-04T10:02:52.321043,105621,2613.7,0.195112,156.85
2025-06-04T10:03:03.406011,105621,2613.7,0.195112,156.85
2025-06-04T10:03:03.406011,105621,2613.7,0.195112,156.85
2025-06-04T10:03:14.465405,105621,2613.7,0.195112,156.85
2025-06-04T10:03:14.465405,105621,2613.7,0.195112,156.85
2025-06-04T10:03:26.114079,105621,2613.7,0.195112,156.85
2025-06-04T10:03:39.719022,105628,2613.87,0.195142,156.89
2025-06-04T10:03:39.719022,105628,2613.87,0.195142,156.89
2025-06-04T10:03:51.912077,105628,2613.87,0.195142,156.89
2025-06-04T10:03:51.912077,105628,2613.87,0.195142,156.89
2025-06-04T10:04:03.540086,105628,2613.87,0.195142,156.89
2025-06-04T10:04:03.540086,105628,2613.87,0.195142,156.89
2025-06-04T10:04:03.540086,105628,2613.87,0.195142,156.89
2025-06-04T10:04:14.836797,105628,2613.87,0.195142,156.89
2025-06-04T10:04:14.836797,105628,2613.87,0.195142,156.89
2025-06-04T10:04:26.508749,105628,2613.87,0.195142,156.89
2025-06-04T10:04:26.508749,105628,2613.87,0.195142,156.89
2025-06-04T10:04:26.508749,105628,2613.87,0.195142,156.89
2025-06-04T10:04:38.975694,105628,2613.87,0.195142,156.89
2025-06-04T10:04:38.975694,105628,2613.87,0.195142,156.89
2025-06-04T10:04:38.975694,105628,2613.87,0.195142,156.89
2025-06-04T10:04:57.031188,105643,2614.13,0.195187,156.98
2025-06-04T10:04:57.031188,105643,2614.13,0.195187,156.98
2025-06-04T10:31:14.765338,105760,2617.33,0.195659,157.01
2025-06-04T10:31:14.765338,105760,2617.33,0.195659,157.01
2025-06-04T10:31:14.765338,105760,2617.33,0.195659,157.01
2025-06-04T10:31:26.067111,105760,2617.33,0.195659,157.01
2025-06-04T10:31:26.067111,105760,2617.33,0.195659,157.01
2025-06-04T10:31:26.067111,105760,2617.33,0.195659,157.01
2025-06-04T10:31:37.129586,105760,2617.33,0.195659,157.01
2025-06-04T10:31:37.129586,105760,2617.33,0.195659,157.01
2025-06-04T10:31:37.129586,105760,2617.33,0.195659,157.01
2025-06-04T10:31:48.239340,105760,2617.33,0.195659,157.01
2025-06-04T10:31:48.239340,105760,2617.33,0.195659,157.01
2025-06-04T10:31:48.239340,105760,2617.33,0.195659,157.01
2025-06-04T10:31:59.397761,105760,2617.33,0.195659,157.01
2025-06-04T10:31:59.397761,105760,2617.33,0.195659,157.01
2025-06-04T10:31:59.397761,105760,2617.33,0.195659,157.01
2025-06-04T10:32:10.655448,105760,2617.33,0.195659,157.01
2025-06-04T10:32:10.655448,105760,2617.33,0.195659,157.01
2025-06-04T10:32:10.655448,105760,2617.33,0.195659,157.01
2025-06-04T10:32:22.123369,105761,2617.15,0.195657,156.99
2025-06-04T10:32:22.123369,105761,2617.15,0.195657,156.99
2025-06-04T10:32:33.260585,105761,2617.15,0.195657,156.99
2025-06-04T10:32:33.260585,105761,2617.15,0.195657,156.99
2025-06-04T10:32:33.260585,105761,2617.15,0.195657,156.99
2025-06-04T10:32:44.462995,105761,2617.15,0.195657,156.99
2025-06-04T10:32:44.462995,105761,2617.15,0.195657,156.99
2025-06-04T10:32:44.462995,105761,2617.15,0.195657,156.99
2025-06-04T10:32:56.807593,105761,2617.15,0.195657,156.99
2025-06-04T10:32:56.807593,105761,2617.15,0.195657,156.99
2025-06-04T10:32:56.807593,105761,2617.15,0.195657,156.99
2025-06-04T10:33:08.221410,105761,2617.15,0.195657,156.99
2025-06-04T10:33:08.221410,105761,2617.15,0.195657,156.99
2025-06-04T10:33:08.221410,105761,2617.15,0.195657,156.99
2025-06-04T10:33:19.435043,105761,2617.15,0.195657,156.99
2025-06-04T10:33:19.435043,105761,2617.15,0.195657,156.99
2025-06-04T10:33:19.435043,105761,2617.15,0.195657,156.99
2025-06-04T10:33:31.256530,105761,2617.08,0.195598,156.99
2025-06-04T10:33:31.256530,105761,2617.08,0.195598,156.99
2025-06-04T10:33:31.256530,105761,2617.08,0.195598,156.99
2025-06-04T10:33:42.455852,105761,2617.08,0.195598,156.99
2025-06-04T10:33:42.455852,105761,2617.08,0.195598,156.99
2025-06-04T10:33:53.908517,105761,2617.08,0.195598,156.99
2025-06-04T10:33:53.908517,105761,2617.08,0.195598,156.99
2025-06-04T10:33:53.908517,105761,2617.08,0.195598,156.99
2025-06-04T10:34:04.895072,105761,2617.08,0.195598,156.99
2025-06-04T10:34:04.895072,105761,2617.08,0.195598,156.99
2025-06-04T10:34:04.895072,105761,2617.08,0.195598,156.99
2025-06-04T10:34:16.087476,105761,2617.08,0.195598,156.99
2025-06-04T10:34:16.087476,105761,2617.08,0.195598,156.99
2025-06-04T10:34:16.087476,105761,2617.08,0.195598,156.99
2025-06-04T10:34:27.115693,105761,2617.08,0.195598,156.99
2025-06-04T10:34:27.115693,105761,2617.08,0.195598,156.99
2025-06-04T10:34:27.115693,105761,2617.08,0.195598,156.99
2025-06-04T10:34:39.427344,105753,2617.13,0.195575,156.98
2025-06-04T10:34:39.427344,105753,2617.13,0.195575,156.98
2025-06-04T10:34:51.218247,105753,2617.13,0.195575,156.98
2025-06-04T10:34:51.218247,105753,2617.13,0.195575,156.98
2025-06-04T10:34:51.218247,105753,2617.13,0.195575,156.98
2025-06-04T10:35:02.225878,105753,2617.13,0.195575,156.98
2025-06-04T10:35:02.225878,105753,2617.13,0.195575,156.98
2025-06-04T10:35:02.225878,105753,2617.13,0.195575,156.98
2025-06-04T10:35:13.313938,105753,2617.13,0.195575,156.98
2025-06-04T10:35:13.313938,105753,2617.13,0.195575,156.98
2025-06-04T10:35:25.635031,105753,2617.13,0.195575,156.98
2025-06-04T10:35:25.635031,105753,2617.13,0.195575,156.98
2025-06-04T10:35:25.635031,105753,2617.13,0.195575,156.98
2025-06-04T10:35:37.804985,105753,2617.13,0.195575,156.98
2025-06-04T10:35:37.804985,105753,2617.13,0.195575,156.98
2025-06-04T10:35:37.804985,105753,2617.13,0.195575,156.98
2025-06-04T10:35:52.603202,105751,2616.77,0.195579,156.97
2025-06-04T10:35:52.603202,105751,2616.77,0.195579,156.97
2025-06-04T10:35:52.603202,105751,2616.77,0.195579,156.97
2025-06-04T10:36:05.207615,105751,2616.77,0.195579,156.97
2025-06-04T10:36:05.207615,105751,2616.77,0.195579,156.97
2025-06-04T10:36:05.207615,105751,2616.77,0.195579,156.97
2025-06-04T10:36:16.491219,105751,2616.77,0.195579,156.97
2025-06-04T10:36:16.491219,105751,2616.77,0.195579,156.97
2025-06-04T10:36:16.491219,105751,2616.77,0.195579,156.97
2025-06-04T10:36:29.969761,105751,2616.77,0.195579,156.97
2025-06-04T10:36:29.969761,105751,2616.77,0.195579,156.97
2025-06-04T10:36:29.969761,105751,2616.77,0.195579,156.97
2025-06-04T10:36:45.094436,105751,2616.77,0.195579,156.97
2025-06-04T10:36:45.094436,105751,2616.77,0.195579,156.97
2025-06-04T10:37:04.226926,105750,2616.82,0.195581,156.96
2025-06-04T10:37:04.226926,105750,2616.82,0.195581,156.96
2025-06-04T10:37:04.226926,105750,2616.82,0.195581,156.96
2025-06-04T10:37:18.776868,105750,2616.82,0.195581,156.96
2025-06-04T10:37:18.776868,105750,2616.82,0.195581,156.96
2025-06-04T10:37:18.776868,105750,2616.82,0.195581,156.96
2025-06-04T10:37:39.990541,105750,2616.82,0.195581,156.96
2025-06-04T10:37:39.990541,105750,2616.82,0.195581,156.96
2025-06-04T10:37:39.990541,105750,2616.82,0.195581,156.96
2025-06-04T10:37:51.054538,105750,2616.82,0.195581,156.96
2025-06-04T10:37:51.054538,105750,2616.82,0.195581,156.96
2025-06-04T10:37:51.054538,105750,2616.82,0.195581,156.96
2025-06-04T10:38:04.934900,105743,2616.61,0.195572,156.96
2025-06-04T10:38:04.934900,105743,2616.61,0.195572,156.96
2025-06-04T10:38:04.934900,105743,2616.61,0.195572,156.96
2025-06-04T10:38:17.129492,105743,2616.61,0.195572,156.96
2025-06-04T10:38:17.129492,105743,2616.61,0.195572,156.96
2025-06-04T10:38:29.369952,105743,2616.61,0.195572,156.96
2025-06-04T10:38:29.369952,105743,2616.61,0.195572,156.96
2025-06-04T10:38:41.158217,105743,2616.61,0.195572,156.96
2025-06-04T10:38:41.158217,105743,2616.61,0.195572,156.96
2025-06-04T10:38:41.158217,105743,2616.61,0.195572,156.96
2025-06-04T10:38:52.299201,105743,2616.61,0.195572,156.96
2025-06-04T10:38:52.299201,105743,2616.61,0.195572,156.96
2025-06-04T10:38:52.299201,105743,2616.61,0.195572,156.96
2025-06-04T10:39:05.544327,105738,2616.54,0.195564,156.89
2025-06-04T10:39:05.544327,105738,2616.54,0.195564,156.89
2025-06-04T10:39:05.544327,105738,2616.54,0.195564,156.89
2025-06-04T10:39:16.738318,105738,2616.54,0.195564,156.89
2025-06-04T10:39:16.738318,105738,2616.54,0.195564,156.89
2025-06-04T10:39:16.738318,105738,2616.54,0.195564,156.89
2025-06-04T10:39:31.491758,105738,2616.54,0.195564,156.89
2025-06-04T10:39:31.491758,105738,2616.54,0.195564,156.89
2025-06-04T10:39:31.491758,105738,2616.54,0.195564,156.89
2025-06-04T10:39:44.685312,105738,2616.54,0.195564,156.89
2025-06-04T10:39:44.685312,105738,2616.54,0.195564,156.89
2025-06-04T10:39:55.906030,105738,2616.54,0.195564,156.89
2025-06-04T10:39:55.906030,105738,2616.54,0.195564,156.89
2025-06-04T10:39:55.906030,105738,2616.54,0.195564,156.89
2025-06-04T10:40:10.669929,105721,2616.34,0.19551,156.87
2025-06-04T10:40:10.669929,105721,2616.34,0.19551,156.87
2025-06-04T10:40:30.970128,105721,2616.34,0.19551,156.87
2025-06-04T10:40:30.970128,105721,2616.34,0.19551,156.87
2025-06-04T10:40:44.679952,105721,2616.34,0.19551,156.87
2025-06-04T10:40:44.679952,105721,2616.34,0.19551,156.87
2025-06-04T10:40:44.679952,105721,2616.34,0.19551,156.87
2025-06-04T10:40:57.027841,105721,2616.34,0.19551,156.87
2025-06-04T10:40:57.027841,105721,2616.34,0.19551,156.87
2025-06-04T10:40:57.027841,105721,2616.34,0.19551,156.87
2025-06-04T10:41:09.675071,105721,2616.34,0.19551,156.87
2025-06-04T10:41:09.675071,105721,2616.34,0.19551,156.87
2025-06-04T10:41:21.560478,105710,2616.2,0.195449,156.83
2025-06-04T10:41:21.560478,105710,2616.2,0.195449,156.83
2025-06-04T10:41:21.560478,105710,2616.2,0.195449,156.83
2025-06-04T10:41:32.770412,105710,2616.2,0.195449,156.83
2025-06-04T10:41:32.770412,105710,2616.2,0.195449,156.83
2025-06-04T10:41:43.888335,105710,2616.2,0.195449,156.83
2025-06-04T10:41:43.888335,105710,2616.2,0.195449,156.83
2025-06-04T10:41:43.888335,105710,2616.2,0.195449,156.83
2025-06-04T10:42:16.455128,105710,2616.2,0.195449,156.83
2025-06-04T10:42:16.455128,105710,2616.2,0.195449,156.83
2025-06-04T10:42:28.077010,105701,2616.14,0.195444,156.82
2025-06-04T10:42:28.077010,105701,2616.14,0.195444,156.82
2025-06-04T10:42:40.486972,105701,2616.14,0.195444,156.82
2025-06-04T10:42:40.486972,105701,2616.14,0.195444,156.82
2025-06-04T10:42:53.325082,105701,2616.14,0.195444,156.82
2025-06-04T10:43:04.447147,105701,2616.14,0.195444,156.82
2025-06-04T10:43:18.470183,105701,2616.14,0.195444,156.82
2025-06-04T10:43:34.103917,105691,2616.0,0.195419,156.81
2025-06-04T10:43:46.323773,105691,2616.0,0.195419,156.81
2025-06-04T10:43:46.323773,105691,2616.0,0.195419,156.81
2025-06-04T10:44:00.293728,105691,2616.0,0.195419,156.81
2025-06-04T10:44:00.293728,105691,2616.0,0.195419,156.81
2025-06-04T10:44:13.872842,105691,2616.0,0.195419,156.81
2025-06-04T10:44:13.872842,105691,2616.0,0.195419,156.81
2025-06-04T10:44:26.110205,105691,2616.0,0.195419,156.81
2025-06-04T10:44:38.520219,105660,2615.67,0.195381,156.71
2025-06-04T10:44:49.663472,105660,2615.67,0.195381,156.71
2025-06-04T10:44:49.663472,105660,2615.67,0.195381,156.71
2025-06-04T10:45:22.900828,105660,2615.67,0.195381,156.71
2025-06-04T10:45:22.900828,105660,2615.67,0.195381,156.71
2025-06-04T10:45:35.656953,105660,2615.67,0.195381,156.71
2025-06-04T10:45:46.955165,105647,2615.55,0.195352,156.71
2025-06-04T10:45:58.696517,105647,2615.55,0.195352,156.71
2025-06-04T10:46:10.893541,105647,2615.55,0.195352,156.71
2025-06-04T10:46:10.893541,105647,2615.55,0.195352,156.71
2025-06-04T10:46:23.079144,105647,2615.55,0.195352,156.71
2025-06-04T10:46:23.079144,105647,2615.55,0.195352,156.71
2025-06-04T10:46:35.001509,105647,2615.55,0.195352,156.71
2025-06-04T10:46:48.284721,105649,2615.5,0.19535,156.68
2025-06-04T10:47:01.390413,105649,2615.5,0.19535,156.68
2025-06-04T10:47:01.390413,105649,2615.5,0.19535,156.68
2025-06-04T10:47:26.414354,105649,2615.5,0.19535,156.68
2025-06-04T10:47:40.918676,105649,2615.5,0.19535,156.68
2025-06-04T10:47:40.918676,105649,2615.5,0.19535,156.68
2025-06-04T10:47:52.575909,105655,2615.54,0.195352,156.66
2025-06-04T10:48:04.092738,105655,2615.54,0.195352,156.66
2025-06-04T10:48:16.542286,105655,2615.54,0.195352,156.66
2025-06-04T10:48:16.542286,105655,2615.54,0.195352,156.66
2025-06-04T10:48:27.787283,105655,2615.54,0.195352,156.66
2025-06-04T10:48:39.014983,105655,2615.54,0.195352,156.66
2025-06-04T10:48:55.398477,105653,2615.59,0.195347,156.64
2025-06-04T10:48:55.398477,105653,2615.59,0.195347,156.64
2025-06-04T10:49:12.032981,105653,2615.59,0.195347,156.64
2025-06-04T10:49:12.032981,105653,2615.59,0.195347,156.64
2025-06-04T10:49:27.795204,105653,2615.59,0.195347,156.64
2025-06-04T10:49:27.795204,105653,2615.59,0.195347,156.64
2025-06-04T10:49:39.225366,105653,2615.59,0.195347,156.64
2025-06-04T10:49:39.225366,105653,2615.59,0.195347,156.64
2025-06-04T10:49:51.795132,105653,2615.59,0.195347,156.64
2025-06-04T10:49:51.795132,105653,2615.59,0.195347,156.64
2025-06-04T10:50:05.995210,105643,2615.59,0.195336,156.59
2025-06-04T10:50:17.685051,105643,2615.59,0.195336,156.59
2025-06-04T10:50:29.143919,105643,2615.59,0.195336,156.59
2025-06-04T10:50:29.143919,105643,2615.59,0.195336,156.59
2025-06-04T10:50:48.005000,105643,2615.59,0.195336,156.59
2025-06-04T10:50:48.005000,105643,2615.59,0.195336,156.59
2025-06-04T10:51:05.975104,105643,2615.59,0.195336,156.59
2025-06-04T10:51:22.973624,105636,2615.62,0.195309,156.51
2025-06-04T10:51:36.623575,105636,2615.62,0.195309,156.51
2025-06-04T10:51:36.623575,105636,2615.62,0.195309,156.51
2025-06-04T10:51:51.018550,105636,2615.62,0.195309,156.51
2025-06-04T10:51:51.018550,105636,2615.62,0.195309,156.51
2025-06-04T10:51:51.018550,105636,2615.62,0.195309,156.51
2025-06-04T10:52:02.275294,105636,2615.62,0.195309,156.51
2025-06-04T10:52:02.275294,105636,2615.62,0.195309,156.51
2025-06-04T10:52:13.599013,105636,2615.62,0.195309,156.51
2025-06-04T10:52:13.599013,105636,2615.62,0.195309,156.51
2025-06-04T10:52:25.774916,105614,2615.56,0.195297,156.48
2025-06-04T10:52:25.774916,105614,2615.56,0.195297,156.48
2025-06-04T10:52:38.081958,105614,2615.56,0.195297,156.48
2025-06-04T10:52:52.184829,105614,2615.56,0.195297,156.48
2025-06-04T10:52:52.184829,105614,2615.56,0.195297,156.48
2025-06-04T10:53:06.502929,105614,2615.56,0.195297,156.48
2025-06-04T10:53:06.502929,105614,2615.56,0.195297,156.48
2025-06-04T10:53:06.502929,105614,2615.56,0.195297,156.48
2025-06-04T10:53:20.343506,105614,2615.56,0.195297,156.48
2025-06-04T10:53:32.089300,105609,2615.51,0.195272,156.46
2025-06-04T10:53:43.197670,105609,2615.51,0.195272,156.46
2025-06-04T10:53:43.197670,105609,2615.51,0.195272,156.46
2025-06-04T10:53:54.462436,105609,2615.51,0.195272,156.46
2025-06-04T10:53:54.462436,105609,2615.51,0.195272,156.46
2025-06-04T10:54:09.652133,105609,2615.51,0.195272,156.46
2025-06-04T10:54:09.652133,105609,2615.51,0.195272,156.46
2025-06-04T10:54:21.424832,105609,2615.51,0.195272,156.46
2025-06-04T10:54:34.113802,105606,2615.29,0.195238,156.43
2025-06-04T10:54:34.113802,105606,2615.29,0.195238,156.43
2025-06-04T10:54:34.113802,105606,2615.29,0.195238,156.43
2025-06-04T10:54:47.468482,105606,2615.29,0.195238,156.43
2025-06-04T10:54:58.971120,105606,2615.29,0.195238,156.43
2025-06-04T10:55:12.043743,105606,2615.29,0.195238,156.43
2025-06-04T10:55:33.521241,105606,2615.29,0.195238,156.43
2025-06-04T10:55:33.521241,105606,2615.29,0.195238,156.43
2025-06-04T10:55:45.540099,105605,2615.2,0.195218,156.42
2025-06-04T10:55:56.992276,105605,2615.2,0.195218,156.42
2025-06-04T10:55:56.992276,105605,2615.2,0.195218,156.42
2025-06-04T10:56:19.563550,105605,2615.2,0.195218,156.42
2025-06-04T10:56:19.563550,105605,2615.2,0.195218,156.42
2025-06-04T10:56:36.163625,105605,2615.2,0.195218,156.42
2025-06-04T10:56:36.163625,105605,2615.2,0.195218,156.42
2025-06-04T10:56:54.243673,105591,2614.88,0.195197,156.41
2025-06-04T10:57:05.614883,105591,2614.88,0.195197,156.41
2025-06-04T10:57:05.614883,105591,2614.88,0.195197,156.41
2025-06-04T10:57:16.714897,105591,2614.88,0.195197,156.41
2025-06-04T10:57:27.824315,105591,2614.88,0.195197,156.41
2025-06-04T10:57:38.873713,105591,2614.88,0.195197,156.41
2025-06-04T10:57:38.873713,105591,2614.88,0.195197,156.41
2025-06-04T10:57:50.555551,105591,2614.88,0.195197,156.41
2025-06-04T10:58:02.825176,105585,2614.66,0.195185,156.4
2025-06-04T10:58:02.825176,105585,2614.66,0.195185,156.4
2025-06-04T10:58:16.975187,105585,2614.66,0.195185,156.4
2025-06-04T10:58:16.975187,105585,2614.66,0.195185,156.4
2025-06-04T10:58:30.048695,105585,2614.66,0.195185,156.4
2025-06-04T10:58:30.048695,105585,2614.66,0.195185,156.4
2025-06-04T10:58:30.048695,105585,2614.66,0.195185,156.4
2025-06-04T10:58:41.765199,105585,2614.66,0.195185,156.4
2025-06-04T10:58:41.765199,105585,2614.66,0.195185,156.4
2025-06-04T10:58:41.765199,105585,2614.66,0.195185,156.4
2025-06-04T10:58:54.304684,105585,2614.66,0.195185,156.4
2025-06-04T10:58:54.304684,105585,2614.66,0.195185,156.4
2025-06-04T10:59:07.145339,105581,2614.52,0.195179,156.37
2025-06-04T10:59:07.145339,105581,2614.52,0.195179,156.37
2025-06-04T10:59:07.145339,105581,2614.52,0.195179,156.37
2025-06-04T10:59:21.334020,105581,2614.52,0.195179,156.37
2025-06-04T10:59:21.334020,105581,2614.52,0.195179,156.37
2025-06-04T10:59:21.334020,105581,2614.52,0.195179,156.37
2025-06-04T10:59:42.541828,105581,2614.52,0.195179,156.37
2025-06-04T10:59:42.541828,105581,2614.52,0.195179,156.37
2025-06-04T10:59:42.541828,105581,2614.52,0.195179,156.37
2025-06-04T10:59:55.884068,105581,2614.52,0.195179,156.37
2025-06-04T10:59:55.884068,105581,2614.52,0.195179,156.37
2025-06-04T10:59:55.884068,105581,2614.52,0.195179,156.37
2025-06-04T11:00:14.113492,105580,2614.44,0.195173,156.34
2025-06-04T11:00:14.113492,105580,2614.44,0.195173,156.34
2025-06-04T11:00:14.113492,105580,2614.44,0.195173,156.34
2025-06-04T11:00:25.214695,105580,2614.44,0.195173,156.34
2025-06-04T11:00:25.214695,105580,2614.44,0.195173,156.34
2025-06-04T11:00:25.214695,105580,2614.44,0.195173,156.34
2025-06-04T11:00:40.483923,105580,2614.44,0.195173,156.34
2025-06-04T11:00:40.483923,105580,2614.44,0.195173,156.34
2025-06-04T11:00:51.717358,105580,2614.44,0.195173,156.34
2025-06-04T11:00:51.717358,105580,2614.44,0.195173,156.34
2025-06-04T11:00:51.717358,105580,2614.44,0.195173,156.34
2025-06-04T11:01:03.356139,105580,2614.44,0.195173,156.34
2025-06-04T11:01:03.356139,105580,2614.44,0.195173,156.34
2025-06-04T11:01:03.356139,105580,2614.44,0.195173,156.34
2025-06-04T11:01:30.953653,105576,2614.46,0.195169,156.34
2025-06-04T11:01:30.953653,105576,2614.46,0.195169,156.34
2025-06-04T11:01:30.953653,105576,2614.46,0.195169,156.34
2025-06-04T11:01:42.920906,105576,2614.46,0.195169,156.34
2025-06-04T11:01:42.920906,105576,2614.46,0.195169,156.34
2025-06-04T11:01:54.412231,105576,2614.46,0.195169,156.34
2025-06-04T11:01:54.412231,105576,2614.46,0.195169,156.34
2025-06-04T11:02:06.586170,105576,2614.46,0.195169,156.34
2025-06-04T11:02:06.586170,105576,2614.46,0.195169,156.34
2025-06-04T11:02:18.176658,105576,2614.46,0.195169,156.34
2025-06-04T11:02:18.176658,105576,2614.46,0.195169,156.34
2025-06-04T11:02:18.176658,105576,2614.46,0.195169,156.34
2025-06-04T11:02:30.093562,105576,2614.46,0.195169,156.34
2025-06-04T11:02:30.093562,105576,2614.46,0.195169,156.34
2025-06-04T11:02:42.004998,105576,2614.37,0.195155,156.36
2025-06-04T11:02:42.004998,105576,2614.37,0.195155,156.36
2025-06-04T11:02:42.004998,105576,2614.37,0.195155,156.36
2025-06-04T11:02:54.973082,105576,2614.37,0.195155,156.36
2025-06-04T11:02:54.973082,105576,2614.37,0.195155,156.36
2025-06-04T11:02:54.973082,105576,2614.37,0.195155,156.36
2025-06-04T11:03:06.396915,105576,2614.37,0.195155,156.36
2025-06-04T11:03:06.396915,105576,2614.37,0.195155,156.36
2025-06-04T11:03:06.396915,105576,2614.37,0.195155,156.36
2025-06-04T11:03:17.563637,105576,2614.37,0.195155,156.36
2025-06-04T11:03:17.563637,105576,2614.37,0.195155,156.36
2025-06-04T11:03:17.563637,105576,2614.37,0.195155,156.36
2025-06-04T11:03:28.849053,105576,2614.37,0.195155,156.36
2025-06-04T11:03:28.849053,105576,2614.37,0.195155,156.36
2025-06-04T11:03:28.849053,105576,2614.37,0.195155,156.36
2025-06-04T11:03:40.493501,105576,2614.37,0.195155,156.36
2025-06-04T11:03:40.493501,105576,2614.37,0.195155,156.36
2025-06-04T11:03:40.493501,105576,2614.37,0.195155,156.36
2025-06-04T11:03:52.289137,105573,2614.39,0.195172,156.36
2025-06-04T11:03:52.289137,105573,2614.39,0.195172,156.36
2025-06-04T11:04:04.033656,105573,2614.39,0.195172,156.36
2025-06-04T11:04:04.033656,105573,2614.39,0.195172,156.36
2025-06-04T11:04:04.033656,105573,2614.39,0.195172,156.36
2025-06-04T11:04:15.154829,105573,2614.39,0.195172,156.36
2025-06-04T11:04:15.154829,105573,2614.39,0.195172,156.36
2025-06-04T11:04:15.154829,105573,2614.39,0.195172,156.36
2025-06-04T11:04:27.395375,105573,2614.39,0.195172,156.36
2025-06-04T11:04:27.395375,105573,2614.39,0.195172,156.36
2025-06-04T11:04:27.395375,105573,2614.39,0.195172,156.36
2025-06-04T11:04:38.732847,105573,2614.39,0.195172,156.36
2025-06-04T11:04:38.732847,105573,2614.39,0.195172,156.36
2025-06-04T11:04:38.732847,105573,2614.39,0.195172,156.36
2025-06-04T11:04:50.064823,105573,2614.39,0.195172,156.36
2025-06-04T11:04:50.064823,105573,2614.39,0.195172,156.36
2025-06-04T11:04:50.064823,105573,2614.39,0.195172,156.36
2025-06-04T11:05:01.446949,105580,2614.46,0.195198,156.37
2025-06-04T11:05:01.446949,105580,2614.46,0.195198,156.37
2025-06-04T11:05:01.446949,105580,2614.46,0.195198,156.37
2025-06-04T11:05:12.749875,105580,2614.46,0.195198,156.37
2025-06-04T11:05:12.749875,105580,2614.46,0.195198,156.37
2025-06-04T11:05:12.749875,105580,2614.46,0.195198,156.37
2025-06-04T11:06:31.973556,105597,2615.05,0.195324,156.39
2025-06-04T11:06:31.973556,105597,2615.05,0.195324,156.39
2025-06-04T11:06:31.973556,105597,2615.05,0.195324,156.39
2025-06-04T11:06:43.690319,105597,2615.05,0.195324,156.39
2025-06-04T11:06:43.690319,105597,2615.05,0.195324,156.39
2025-06-04T11:06:43.690319,105597,2615.05,0.195324,156.39
2025-06-04T11:06:54.895212,105597,2615.05,0.195324,156.39
2025-06-04T11:06:54.895212,105597,2615.05,0.195324,156.39
2025-06-04T11:07:06.309248,105597,2615.05,0.195324,156.39
2025-06-04T11:07:06.309248,105597,2615.05,0.195324,156.39
2025-06-04T11:07:17.395270,105597,2615.05,0.195324,156.39
2025-06-04T11:07:17.395270,105597,2615.05,0.195324,156.39
2025-06-04T11:07:28.474662,105597,2615.05,0.195324,156.39
2025-06-04T11:07:28.474662,105597,2615.05,0.195324,156.39
2025-06-04T11:07:28.474662,105597,2615.05,0.195324,156.39
2025-06-04T11:07:40.585232,105605,2615.3,0.195365,156.39
2025-06-04T11:07:40.585232,105605,2615.3,0.195365,156.39
2025-06-04T11:07:40.585232,105605,2615.3,0.195365,156.39
2025-06-04T11:07:51.655118,105605,2615.3,0.195365,156.39
2025-06-04T11:07:51.655118,105605,2615.3,0.195365,156.39
2025-06-04T11:08:03.034964,105605,2615.3,0.195365,156.39
2025-06-04T11:08:03.034964,105605,2615.3,0.195365,156.39
2025-06-04T11:08:03.034964,105605,2615.3,0.195365,156.39
2025-06-04T11:08:14.243827,105605,2615.3,0.195365,156.39
2025-06-04T11:08:14.243827,105605,2615.3,0.195365,156.39
2025-06-04T11:08:14.243827,105605,2615.3,0.195365,156.39
2025-06-04T11:08:25.446938,105605,2615.3,0.195365,156.39
2025-06-04T11:08:25.446938,105605,2615.3,0.195365,156.39
2025-06-04T11:08:36.732788,105605,2615.3,0.195365,156.39
2025-06-04T11:08:36.732788,105605,2615.3,0.195365,156.39
2025-06-04T11:08:36.732788,105605,2615.3,0.195365,156.39
2025-06-07T16:57:53.334493,104844,2487.3,0.184892,152.14
2025-06-07T16:57:53.334493,104844,2487.3,0.184892,152.14
2025-06-07T16:57:53.334493,104844,2487.3,0.184892,152.14
2025-06-07T16:58:04.218532,104844,2487.3,0.184892,152.14
2025-06-07T16:58:04.218532,104844,2487.3,0.184892,152.14
2025-06-07T16:58:04.218532,104844,2487.3,0.184892,152.14
2025-06-07T16:58:14.898986,104844,2487.3,0.184892,152.14
2025-06-07T16:58:14.898986,104844,2487.3,0.184892,152.14
2025-06-07T16:58:14.898986,104844,2487.3,0.184892,152.14
2025-06-07T16:58:25.567365,104844,2487.3,0.184892,152.14
2025-06-07T16:58:25.567365,104844,2487.3,0.184892,152.14
2025-06-07T16:58:36.240766,104844,2487.3,0.184892,152.14
2025-06-07T16:58:36.240766,104844,2487.3,0.184892,152.14
2025-06-07T16:58:36.240766,104844,2487.3,0.184892,152.14
2025-06-07T16:58:46.893056,104844,2487.3,0.184892,152.14
2025-06-07T16:58:46.893056,104844,2487.3,0.184892,152.14
2025-06-07T17:00:02.669061,104840,2487.04,0.1849,152.11
2025-06-07T17:00:02.669061,104840,2487.04,0.1849,152.11
2025-06-07T17:00:02.669061,104840,2487.04,0.1849,152.11
2025-06-07T17:00:13.469756,104840,2487.04,0.1849,152.11
2025-06-07T17:00:13.469756,104840,2487.04,0.1849,152.11
2025-06-07T17:00:13.469756,104840,2487.04,0.1849,152.11
2025-06-07T17:00:24.120725,104840,2487.04,0.1849,152.11
2025-06-07T17:00:24.120725,104840,2487.04,0.1849,152.11
2025-06-07T17:00:24.120725,104840,2487.04,0.1849,152.11
2025-06-07T17:00:34.786974,104840,2487.04,0.1849,152.11
2025-06-07T17:00:34.786974,104840,2487.04,0.1849,152.11
2025-06-07T17:00:34.786974,104840,2487.04,0.1849,152.11
2025-06-07T17:00:45.450802,104840,2487.04,0.1849,152.11
2025-06-07T17:00:45.450802,104840,2487.04,0.1849,152.11
2025-06-07T17:02:00.204919,104834,2486.76,0.1849,152.1
2025-06-07T17:02:00.204919,104834,2486.76,0.1849,152.1
2025-06-07T17:02:00.204919,104834,2486.76,0.1849,152.1
2025-06-07T17:02:10.884379,104834,2486.76,0.1849,152.1
2025-06-07T17:02:10.884379,104834,2486.76,0.1849,152.1
2025-06-07T17:02:21.530612,104834,2486.76,0.1849,152.1
2025-06-07T17:02:21.530612,104834,2486.76,0.1849,152.1
2025-06-07T17:02:32.226803,104834,2486.76,0.1849,152.1
2025-06-07T17:02:32.226803,104834,2486.76,0.1849,152.1
2025-06-07T17:02:42.889625,104834,2486.76,0.1849,152.1
2025-06-07T17:02:42.889625,104834,2486.76,0.1849,152.1
2025-06-07T17:02:42.889625,104834,2486.76,0.1849,152.1
2025-06-07T17:03:58.438134,104832,2486.54,0.18491,152.04
2025-06-07T17:03:58.438134,104832,2486.54,0.18491,152.04
2025-06-07T17:04:09.295833,104832,2486.54,0.18491,152.04
2025-06-07T17:04:09.295833,104832,2486.54,0.18491,152.04
2025-06-07T17:04:09.295833,104832,2486.54,0.18491,152.04
2025-06-07T17:04:19.962275,104832,2486.54,0.18491,152.04
2025-06-07T17:04:19.962275,104832,2486.54,0.18491,152.04
2025-06-07T17:04:19.962275,104832,2486.54,0.18491,152.04
2025-06-07T17:04:30.635976,104832,2486.54,0.18491,152.04
2025-06-07T17:04:30.635976,104832,2486.54,0.18491,152.04
2025-06-07T17:04:41.316355,104832,2486.54,0.18491,152.04
2025-06-07T17:04:41.316355,104832,2486.54,0.18491,152.04
2025-06-07T17:04:41.316355,104832,2486.54,0.18491,152.04
2025-06-07T17:04:52.057943,104832,2486.54,0.18491,152.04
2025-06-07T17:04:52.057943,104832,2486.54,0.18491,152.04
2025-06-07T17:04:52.057943,104832,2486.54,0.18491,152.04
2025-06-07T17:05:03.343027,104831,2486.34,0.184905,152.03
2025-06-07T17:05:03.343027,104831,2486.34,0.184905,152.03
2025-06-07T17:05:03.343027,104831,2486.34,0.184905,152.03
2025-06-07T17:05:14.029730,104831,2486.34,0.184905,152.03
2025-06-07T17:05:14.029730,104831,2486.34,0.184905,152.03
2025-06-07T17:05:24.664023,104831,2486.34,0.184905,152.03
2025-06-07T17:05:24.664023,104831,2486.34,0.184905,152.03
2025-06-07T17:05:24.664023,104831,2486.34,0.184905,152.03
2025-06-07T17:06:39.840818,104841,2486.3,0.184948,152.01
2025-06-07T17:06:39.840818,104841,2486.3,0.184948,152.01
2025-06-07T17:06:39.840818,104841,2486.3,0.184948,152.01
2025-06-07T17:06:50.531975,104841,2486.3,0.184948,152.01
2025-06-07T17:06:50.531975,104841,2486.3,0.184948,152.01
2025-06-07T17:07:01.225405,104841,2486.3,0.184948,152.01
2025-06-07T17:07:01.225405,104841,2486.3,0.184948,152.01
2025-06-07T17:07:11.920956,104841,2486.3,0.184948,152.01
2025-06-07T17:07:11.920956,104841,2486.3,0.184948,152.01
2025-06-07T17:07:22.592437,104841,2486.3,0.184948,152.01
2025-06-07T17:07:22.592437,104841,2486.3,0.184948,152.01
2025-06-07T17:07:22.592437,104841,2486.3,0.184948,152.01
2025-06-07T17:07:33.237413,104841,2486.3,0.184948,152.01
2025-06-07T17:07:33.237413,104841,2486.3,0.184948,152.01
2025-06-07T17:07:44.203186,104856,2486.3,0.184987,151.99
2025-06-07T17:07:44.203186,104856,2486.3,0.184987,151.99
2025-06-07T17:07:44.203186,104856,2486.3,0.184987,151.99
2025-06-07T17:08:59.305748,104857,2486.32,0.185003,152.01
2025-06-07T17:08:59.305748,104857,2486.32,0.185003,152.01
2025-06-07T17:08:59.305748,104857,2486.32,0.185003,152.01
2025-06-07T17:09:09.958771,104857,2486.32,0.185003,152.01
2025-06-07T17:09:09.958771,104857,2486.32,0.185003,152.01
2025-06-07T17:09:09.958771,104857,2486.32,0.185003,152.01
2025-06-07T17:09:20.624298,104857,2486.32,0.185003,152.01
2025-06-07T17:09:20.624298,104857,2486.32,0.185003,152.01
2025-06-07T17:09:20.624298,104857,2486.32,0.185003,152.01
2025-06-07T17:09:31.280645,104857,2486.32,0.185003,152.01
2025-06-07T17:09:31.280645,104857,2486.32,0.185003,152.01
2025-06-07T17:09:31.280645,104857,2486.32,0.185003,152.01
2025-06-07T17:09:41.947114,104857,2486.32,0.185003,152.01
2025-06-07T17:09:41.947114,104857,2486.32,0.185003,152.01
2025-06-07T17:09:52.618867,104857,2486.32,0.185003,152.01
2025-06-07T17:09:52.618867,104857,2486.32,0.185003,152.01
2025-06-07T17:10:03.517600,104859,2486.34,0.184989,152.01
2025-06-07T17:10:03.517600,104859,2486.34,0.184989,152.01
2025-06-07T17:10:03.517600,104859,2486.34,0.184989,152.01
2025-06-07T17:10:14.165781,104859,2486.34,0.184989,152.01
2025-06-07T17:10:14.165781,104859,2486.34,0.184989,152.01
2025-06-07T17:10:14.165781,104859,2486.34,0.184989,152.01
2025-06-07T17:10:24.839528,104859,2486.34,0.184989,152.01
2025-06-07T17:10:24.839528,104859,2486.34,0.184989,152.01
2025-06-07T17:11:39.717135,104864,2486.51,0.184997,152.02
2025-06-07T17:11:39.717135,104864,2486.51,0.184997,152.02
2025-06-07T17:11:39.717135,104864,2486.51,0.184997,152.02
2025-06-07T17:11:50.358186,104864,2486.51,0.184997,152.02
2025-06-07T17:11:50.358186,104864,2486.51,0.184997,152.02
2025-06-07T17:11:50.358186,104864,2486.51,0.184997,152.02
2025-06-07T17:12:01.020760,104864,2486.51,0.184997,152.02
2025-06-07T17:12:01.020760,104864,2486.51,0.184997,152.02
2025-06-07T17:12:01.020760,104864,2486.51,0.184997,152.02
2025-06-07T17:12:11.675284,104864,2486.51,0.184997,152.02
2025-06-07T17:12:11.675284,104864,2486.51,0.184997,152.02
2025-06-07T17:12:11.675284,104864,2486.51,0.184997,152.02
2025-06-07T17:12:22.323529,104864,2486.51,0.184997,152.02
2025-06-07T17:12:22.323529,104864,2486.51,0.184997,152.02
2025-06-07T17:12:22.323529,104864,2486.51,0.184997,152.02
2025-06-07T17:12:32.964482,104864,2486.51,0.184997,152.02
2025-06-07T17:12:32.964482,104864,2486.51,0.184997,152.02
2025-06-07T17:12:32.964482,104864,2486.51,0.184997,152.02
2025-06-07T17:12:44.240037,104867,2486.63,0.185,152.03
2025-06-07T17:12:44.240037,104867,2486.63,0.185,152.03
2025-06-07T17:12:44.240037,104867,2486.63,0.185,152.03
2025-06-07T17:13:59.415608,104869,2486.82,0.184996,152.04
2025-06-07T17:13:59.415608,104869,2486.82,0.184996,152.04
2025-06-07T17:14:10.109303,104869,2486.82,0.184996,152.04
2025-06-07T17:14:10.109303,104869,2486.82,0.184996,152.04
2025-06-07T17:14:10.109303,104869,2486.82,0.184996,152.04
2025-06-07T17:14:20.795742,104869,2486.82,0.184996,152.04
2025-06-07T17:14:20.795742,104869,2486.82,0.184996,152.04
2025-06-07T17:14:20.795742,104869,2486.82,0.184996,152.04
2025-06-07T17:14:31.475333,104869,2486.82,0.184996,152.04
2025-06-07T17:14:31.475333,104869,2486.82,0.184996,152.04
2025-06-07T17:14:31.475333,104869,2486.82,0.184996,152.04
2025-06-07T17:14:42.127197,104869,2486.82,0.184996,152.04
2025-06-07T17:14:42.127197,104869,2486.82,0.184996,152.04
2025-06-07T17:14:42.127197,104869,2486.82,0.184996,152.04
2025-06-07T17:14:52.802377,104869,2486.82,0.184996,152.04
2025-06-07T17:14:52.802377,104869,2486.82,0.184996,152.04
2025-06-07T17:14:52.802377,104869,2486.82,0.184996,152.04
2025-06-07T17:15:04.064245,104870,2486.95,0.185008,152.1
2025-06-07T17:15:04.064245,104870,2486.95,0.185008,152.1
2025-06-07T17:15:04.064245,104870,2486.95,0.185008,152.1
2025-06-07T17:15:14.772845,104870,2486.95,0.185008,152.1
2025-06-07T17:15:14.772845,104870,2486.95,0.185008,152.1
2025-06-07T17:15:14.772845,104870,2486.95,0.185008,152.1
2025-06-07T17:15:25.434679,104870,2486.95,0.185008,152.1
2025-06-07T17:15:25.434679,104870,2486.95,0.185008,152.1
2025-06-07T17:15:25.434679,104870,2486.95,0.185008,152.1
2025-06-07T17:15:36.094401,104870,2486.95,0.185008,152.1
2025-06-07T17:15:36.094401,104870,2486.95,0.185008,152.1
2025-06-07T17:16:51.385079,104876,2487.27,0.185028,152.11
2025-06-07T17:16:51.385079,104876,2487.27,0.185028,152.11
2025-06-07T17:17:02.061190,104876,2487.27,0.185028,152.11
2025-06-07T17:17:02.061190,104876,2487.27,0.185028,152.11
2025-06-07T17:17:02.061190,104876,2487.27,0.185028,152.11
2025-06-07T17:17:12.707438,104876,2487.27,0.185028,152.11
2025-06-07T17:17:12.707438,104876,2487.27,0.185028,152.11
2025-06-07T17:17:23.379936,104876,2487.27,0.185028,152.11
2025-06-07T17:17:23.379936,104876,2487.27,0.185028,152.11
2025-06-07T17:17:23.379936,104876,2487.27,0.185028,152.11
2025-06-07T17:17:34.036008,104876,2487.27,0.185028,152.11
2025-06-07T17:17:34.036008,104876,2487.27,0.185028,152.11
2025-06-07T17:17:34.036008,104876,2487.27,0.185028,152.11
2025-06-07T17:17:44.710201,104876,2487.27,0.185028,152.11
2025-06-07T17:17:44.710201,104876,2487.27,0.185028,152.11
2025-06-07T17:17:44.710201,104876,2487.27,0.185028,152.11
2025-06-07T17:18:59.973903,104871,2487.46,0.185005,152.09
2025-06-07T17:18:59.973903,104871,2487.46,0.185005,152.09
2025-06-07T17:18:59.973903,104871,2487.46,0.185005,152.09
2025-06-07T17:19:10.646382,104871,2487.46,0.185005,152.09
2025-06-07T17:19:10.646382,104871,2487.46,0.185005,152.09
2025-06-07T17:19:21.326772,104871,2487.46,0.185005,152.09
2025-06-07T17:19:21.326772,104871,2487.46,0.185005,152.09
2025-06-07T17:19:31.982492,104871,2487.46,0.185005,152.09
2025-06-07T17:19:31.982492,104871,2487.46,0.185005,152.09
2025-06-07T17:19:42.665249,104871,2487.46,0.185005,152.09
2025-06-07T17:19:42.665249,104871,2487.46,0.185005,152.09
2025-06-07T17:19:42.665249,104871,2487.46,0.185005,152.09
2025-06-07T17:19:53.327099,104871,2487.46,0.185005,152.09
2025-06-07T17:19:53.327099,104871,2487.46,0.185005,152.09
2025-06-07T17:19:53.327099,104871,2487.46,0.185005,152.09
2025-06-07T17:20:04.214228,104869,2487.46,0.18499,152.09
2025-06-07T17:20:04.214228,104869,2487.46,0.18499,152.09
2025-06-07T17:20:04.214228,104869,2487.46,0.18499,152.09
2025-06-07T17:20:14.909300,104869,2487.46,0.18499,152.09
2025-06-07T17:20:14.909300,104869,2487.46,0.18499,152.09
2025-06-07T17:20:25.580115,104869,2487.46,0.18499,152.09
2025-06-07T17:20:25.580115,104869,2487.46,0.18499,152.09
2025-06-07T17:20:25.580115,104869,2487.46,0.18499,152.09
2025-06-07T17:20:36.236884,104869,2487.46,0.18499,152.09
2025-06-07T17:20:36.236884,104869,2487.46,0.18499,152.09
2025-06-07T17:20:36.236884,104869,2487.46,0.18499,152.09
2025-06-07T17:21:51.475326,104881,2487.4,0.184979,152.09
2025-06-07T17:21:51.475326,104881,2487.4,0.184979,152.09
2025-06-07T17:21:51.475326,104881,2487.4,0.184979,152.09
2025-06-07T17:22:02.173689,104881,2487.4,0.184979,152.09
2025-06-07T17:22:02.173689,104881,2487.4,0.184979,152.09
2025-06-07T17:22:02.173689,104881,2487.4,0.184979,152.09
2025-06-07T17:22:12.830182,104881,2487.4,0.184979,152.09
2025-06-07T17:22:12.830182,104881,2487.4,0.184979,152.09
2025-06-07T17:22:12.830182,104881,2487.4,0.184979,152.09
2025-06-07T17:22:23.645430,104881,2487.4,0.184979,152.09
2025-06-07T17:22:23.645430,104881,2487.4,0.184979,152.09
2025-06-07T17:22:23.645430,104881,2487.4,0.184979,152.09
2025-06-07T17:22:34.327297,104881,2487.4,0.184979,152.09
2025-06-07T17:22:34.327297,104881,2487.4,0.184979,152.09
2025-06-07T17:22:34.327297,104881,2487.4,0.184979,152.09
2025-06-07T17:22:45.108820,104881,2487.4,0.184979,152.09
2025-06-07T17:22:45.108820,104881,2487.4,0.184979,152.09
2025-06-07T17:22:45.108820,104881,2487.4,0.184979,152.09
2025-06-07T17:24:00.545486,104892,2487.35,0.184987,152.08
2025-06-07T17:24:00.545486,104892,2487.35,0.184987,152.08
2025-06-07T17:24:00.545486,104892,2487.35,0.184987,152.08
2025-06-07T17:24:11.265926,104892,2487.35,0.184987,152.08
2025-06-07T17:24:11.265926,104892,2487.35,0.184987,152.08
2025-06-07T17:24:11.265926,104892,2487.35,0.184987,152.08
2025-06-07T17:24:21.967391,104892,2487.35,0.184987,152.08
2025-06-07T17:24:21.967391,104892,2487.35,0.184987,152.08
2025-06-07T17:24:32.654904,104892,2487.35,0.184987,152.08
2025-06-07T17:24:32.654904,104892,2487.35,0.184987,152.08
2025-06-07T17:24:32.654904,104892,2487.35,0.184987,152.08
2025-06-07T17:24:43.343955,104892,2487.35,0.184987,152.08
2025-06-07T17:24:43.343955,104892,2487.35,0.184987,152.08
2025-06-07T17:25:58.571604,104898,2487.87,0.185013,152.1
2025-06-07T17:25:58.571604,104898,2487.87,0.185013,152.1
2025-06-07T17:26:09.274473,104898,2487.87,0.185013,152.1
2025-06-07T17:26:09.274473,104898,2487.87,0.185013,152.1
2025-06-07T17:26:09.274473,104898,2487.87,0.185013,152.1
